<launch>

  <!-- ROBOT MAPPING VERSION: use this with ROS bag demo_mapping.bag -->
  <!-- WARNING : Database is automatically deleted on each startup -->
  <!--           See "delete_db_on_start" option below... -->

  <!-- Choose visualization -->
  <arg name="rviz" default="true" />
  <arg name="rtabmapviz" default="false" />

  <param name="use_sim_time" type="bool" value="True"/>

  <!-- Localization-only mode -->
  <arg name="localization"      default="false"/>
  <arg     if="$(arg localization)" name="rtabmap_args"  default=""/>
  <arg unless="$(arg localization)" name="rtabmap_args"  default="--delete_db_on_start"/>


    <!-- SLAM (robot side) -->
    <!-- args: "delete_db_on_start" and "udebug" -->
    <node name="rtabmap" pkg="rtabmap_ros" type="rtabmap" output="screen" args="$(arg rtabmap_args)">
	  <param name="frame_id"           type="string" value="base_footprint"/>
	  <param name="wait_for_transform" type="bool" value="true"/>

	  <param name="subscribe_depth" type="bool" value="true"/>
	  <param name="subscribe_scan"  type="bool" value="true"/>

	  <remap from="/odom" to="/odom"/>
    <remap from="/jn0/base_scan" to="/scan"/>


	  <remap from="rgb/image"       to="/camera/rgb/image_raw"/>
  	  <remap from="depth/image"     to="/camera/depth/image_raw"/>
  	  <remap from="rgb/camera_info" to="/camera/rgb/camera_info"/>

	  <param name="rgb/image_transport"   type="string" value="raw"/>
	  <param name="depth/image_transport" type="string" value="raw"/>

	  <!-- RTAB-Map's parameters: do "rosrun rtabmap rtabmap (double-dash)params" to see the list of available parameters. -->
	  <param name="RGBD/NeighborLinkRefining" type="string" value="true"/>  <!-- Do odometry correction with consecutive laser scans -->
	  <param name="RGBD/ProximityBySpace"     type="string" value="true"/>  <!-- Local loop closure detection (using estimated position) with locations in WM -->
	  <param name="RGBD/ProximityByTime"      type="string" value="false"/> <!-- Local loop closure detection with locations in STM -->
	  <param name="RGBD/ProximityPathMaxNeighbors" type="string" value="10"/> <!-- Do also proximity detection by space by merging close scans together. -->
	  <param name="Reg/Strategy"              type="string" value="1"/>     <!-- 0=Visual, 1=ICP, 2=Visual+ICP -->
	  <param name="Vis/InlierDistance"        type="string" value="0.1"/>   <!-- 3D visual words correspondence distance -->
	  <param name="RGBD/OptimizeFromGraphEnd" type="string" value="false"/> <!-- Optimize graph from initial node so /map -> /odom transform will be generated -->
	  <param name="Reg/Force3DoF"             type="string" value="true"/>
	  <param name="Grid/FromDepth"            type="string" value="false"/>
    <param name="Mem/STMSize"               type="string" value="30"/>    <!--increased to 30 to avoid adding too many loop closures on just seen locations -->
    <param name="RGBD/LocalRadius"          type="string" value="5"/>     <!--limit length of proximity detections -->



	  <!-- localization mode -->
	  <param     if="$(arg localization)" name="Mem/IncrementalMemory" type="string" value="false"/>
	  <param unless="$(arg localization)" name="Mem/IncrementalMemory" type="string" value="true"/>
	  <param name="Mem/InitWMWithAllNodes" type="string" value="$(arg localization)"/>
	  </node>
<!-- Visualisation RVIZ -->
  <node if="$(arg rviz)" pkg="rviz" type="rviz" name="rviz" args="-d $(find rtabmap_demo)/launch/config/rtabmap_robot_mapping.rviz" output="screen"/>
  <!--mapsize /start point-->

   <!--node pkg="nodelet" type="nodelet" name="points_xyzrgb" args="standalone rtabmap_demo/point_cloud_xyzrgb"-->
    <remap from="rgb/image"       to="/camera/rgb/image_raw"/>
    <remap from="depth/image"     to="/camera/depth/image_raw"/>
    <remap from="rgb/camera_info" to="/camera/rgb/camera_info"/>
    <remap from="cloud"           to="voxel_cloud" />

    <param name="rgb/image_transport"   type="string" value="raw"/>
    <param name="depth/image_transport" type="string" value="raw"/>

    <param name="queue_size" type="int" value="10"/>
    <param name="voxel_size" type="double" value="0.01"/>


</launch>
